wavenumber,sample_fraction_T
3600,0.66376083781273587
3595,0.66425935863672658
3590,0.66515251635585648
3585,0.66633348836292261
3580,0.66765319640006437
3575,0.66894154853106402
3570,0.67003213978873644
3565,0.67078688899453509
3560,0.67111683530382116
3555,0.67099571285606907
3550,0.67046400385156568
3545,0.66962276766756501
3540,0.66861830511166354
3535,0.66762023153124739
3530,0.66679647948911969
3525,0.66628900448269834
3520,0.66619360237787972
3515,0.66654646630679626
3510,0.66731912720346898
3505,0.66842237743048283
3500,0.6697187236020129
3495,0.67104186367005436
3490,0.67222067935819285
3485,0.67310440981005271
3480,0.67358523601836862
3475,0.67361466924305591
3470,0.67321099909287407
3465,0.67245651846372567
3460,0.67148500144145939
3455,0.67046155728548318
3450,0.66955815084079351
3445,0.6689285683948093
3440,0.66868643163827257
3435,0.66888919340848485
3430,0.66953010949756431
3425,0.67053914292755479
3420,0.67179270089135867
3415,0.67313104698474602
3410,0.67438119782007389
3405,0.6753822038085624
3400,0.67600911883792014
3395,0.67619190629658643
3390,0.67592615893446917
3385,0.67527379966924694
3380,0.67435363895261113
3375,0.67332340179255656
3370,0.67235620372320937
3365,0.67161518341455506
3360,0.67123003371346168
3355,0.67127864285682504
3350,0.67177618260676641
3345,0.6726729578935029
3340,0.67386127470908752
3335,0.67519052105156063
3330,0.67648860354612295
3325,0.6775869103120431
3320,0.67834524188915102
3315,0.67867289006383413
3310,0.67854243753622545
3305,0.67799394006170199
3300,0.67712876515290288
3295,0.6760941436402127
3290,0.67506102643393107
3285,0.67419880284800293
3280,0.67365069880570849
3275,0.67351330903747209
3270,0.67382293006024374
3265,0.67455036646431454
3260,0.6756048257324665
3255,0.67684645029380142
3250,0.67810597104456327
3245,0.67920894913116781
3240,0.68000123519821676
3235,0.68037183009936653
3230,0.68026949242102752
3225,0.67971030746019756
3220,0.67877491005180779
3215,0.67759583546987567
3210,0.67633714401588751
3205,0.67516965206634705
3200,0.67424560197404004
3195,0.67367642708234854
3190,0.67351658965111416
3185,0.67375551366772191
3180,0.67431857639130366
3175,0.67507704493086074
3170,0.67586576649489172
3165,0.67650637116172163
3160,0.6768328275221972
3155,0.67671559782554214
3150,0.67608059623454253
3145,0.67491981055062256
3140,0.67329177221238934
3135,0.67131180301763382
3130,0.66913373089575334
3125,0.66692614352285717
3120,0.66484696773938434
3115,0.66302016934195085
3110,0.66151779685112011
3105,0.66034967017224366
3100,0.65946194571771699
3095,0.65874469277204706
3090,0.65804753169719865
3085,0.65720133555901561
3080,0.65604305987790845
3075,0.65444010436669198
3070,0.65231044037228048
3065,0.64963522749924951
3060,0.64646180773081596
3055,0.64289660994056841
3050,0.63908925514562132
3045,0.63521061011546498
3040,0.63142838531544188
3035,0.62788400715964676
3030,0.62467401369148856
3025,0.62183834758938861
3020,0.61935687794997707
3015,0.61715442420881073
3010,0.61511354263687734
3005,0.61309338424575333
3000,0.61095208413164859
2995,0.6085695094635506
2990,0.60586694983950851
2985,0.60282064128456969
2980,0.59946692575397231
2975,0.59589823635721095
2970,0.59225067201956738
2965,0.58868531768473886
2960,0.58536637144725001
2955,0.58243941791002851
2950,0.58001288835154641
2945,0.57814505571877017
2940,0.57683803858177662
2935,0.57603938754862449
2930,0.57565096418938888
2925,0.57554399824077906
2920,0.57557842796379743
2915,0.5756239555194288
2910,0.57557982351685255
2905,0.57539031067346813
2900,0.57505346914874944
2895,0.57462166166944295
2890,0.57419381503723976
2885,0.57390068362703817
2880,0.57388550031506702
2875,0.57428297689105312
2870,0.57519966042418014
2865,0.57669826080064013
2860,0.5787879092609145
2855,0.581421537969395
2850,0.5845007624178874
2845,0.58788781035018212
2840,0.5914231676605084
2835,0.59494675032029476
2830,0.59831969754989756
2825,0.60144351795083562
2820,0.60427349758253002
2815,0.60682407332400756
2810,0.60916518020781074
2805,0.61141011961348268
2800,0.61369690904161678
2795,0.6161660584363321
2790,0.61893812122447134
2785,0.62209421625501382
2780,0.6256621561882334
2775,0.62961002052306569
2770,0.63384809709334822
2765,0.63823913092669271
2760,0.64261577588402086
2755,0.64680308960586652
2750,0.6506429816516085
2745,0.65401693934230343
2740,0.65686334971837901
2735,0.65918644261898462
2730,0.66105523681788336
2725,0.6625926034182783
2720,0.66395626360835081
2715,0.66531482373003636
2710,0.66682258465351796
2705,0.66859682031354117
2700,0.67070064723215594
2695,0.67313371432835412
2690,0.6758319053103059
2685,0.67867615472981668
2680,0.68150936101378889
2675,0.68415926952837647
2670,0.68646420410940689
2665,0.68829784682363393
2660,0.68958914068866084
2655,0.69033398383496292
2650,0.69059667977079009
2645,0.69050086729929583
2640,0.69021147342640632
2635,0.68991069153122597
2630,0.68977179537985067
2625,0.6899346840350753
2620,0.69048653796645176
2615,0.69145007669860248
2610,0.69278085114998178
2605,0.69437390092904661
2600,0.69607899624556846
2595,0.69772258243488139
2590,0.69913352458273104
2585,0.70016897761146435
2580,0.70073641447676505
2575,0.70080822941970033
2570,0.70042644177525282
2565,0.69969668648112604
2560,0.69877252683444957
2555,0.69783273135907575
2550,0.69705517725242927
2545,0.69659133635583936
2540,0.69654493919521665
2535,0.69695760673044871
2530,0.69780321334811146
2525,0.69899165049989587
2520,0.70038155651002432
2515,0.70180047644661425
2510,0.70306986102805957
2505,0.70403143957554404
2500,0.70457102691614992
2495,0.70463597050793469
2490,0.70424332131689626
2485,0.70347732368520266
2480,0.70247665622198829
2475,0.70141359075590715
2470,0.70046848049003618
2465,0.69980352603086615
2460,0.69953960567094342
2455,0.69973927052109508
2450,0.70039802853853572
2445,0.70144495715997246
2440,0.70275257930443535
2435,0.70415483089947128
2430,0.70547086469940712
2425,0.70653147635392244
2420,0.70720430046986715
2415,0.70741384113679096
2410,0.70715303429488852
2405,0.70648436716301199
2400,0.70553035825715837
2395,0.70445502573145335
2390,0.70343942071413335
2385,0.70265509028273032
2380,0.70223939465616747
2375,0.70227606578671753
2370,0.70278348795393852
2365,0.70371211446651594
2360,0.70495132833866758
2355,0.70634494394702674
2350,0.70771344494562516
2345,0.70888003159070379
2340,0.70969677547782106
2335,0.71006688445517285
2330,0.70995946549857303
2325,0.7094142880858032
2320,0.70853572330355119
2315,0.70747689927889967
2310,0.70641673601423338
2305,0.70553355576426791
2300,0.704979264693542
2295,0.70485774050791994
2290,0.7052102488875498
2285,0.7060096764584517
2280,0.70716426377092501
2275,0.70853040737957718
2270,0.70993298750231126
2265,0.71119061108866055
2260,0.71214227435643185
2255,0.71267146390074176
2250,0.71272385704046293
2245,0.71231566240810185
2240,0.71153116550657047
2235,0.71050989990363322
2230,0.70942562171047652
2225,0.70846052851247121
2220,0.70777871398646741
2215,0.70750269096809393
2210,0.70769612594654041
2205,0.70835494218605066
2200,0.70940785265938955
2195,0.71072626669488137
2190,0.71214239514322786
2185,0.71347328272969746
2180,0.71454752471154148
2175,0.71523077556123926
2170,0.71544606726525695
2165,0.71518558823664147
2160,0.71451191126026858
2155,0.71354845496915575
2150,0.71246080978796178
2145,0.71143202957046558
2140,0.71063579362328488
2135,0.71021141059750303
2130,0.71024409663096999
2125,0.71075304553721141
2120,0.71168873098801255
2115,0.71293976195153164
2110,0.71434848918580818
2105,0.71573344608445533
2100,0.71691567212011131
2095,0.71774517995993536
2090,0.71812352338401708
2085,0.71801880587746381
2080,0.71747059100149779
2075,0.71658386365837745
2070,0.71551307801987019
2065,0.71443897262788081
2060,0.71354188409310304
2055,0.71297560021606121
2050,0.71284543319208304
2045,0.71319337534931626
2040,0.71399215411991745
2035,0.71514888630646822
2030,0.716517904598861
2025,0.71792120371296297
2020,0.71917387345126704
2015,0.72011098686152364
2010,0.72061191538640879
2005,0.72061817827286745
2000,0.72014181588311299
1995,0.71926281195077535
1990,0.71811596581619952
1985,0.71686939718657294
1980,0.71569815350182231
1975,0.71475695931161354
1970,0.71415600097529364
1965,0.71394295566867705
1960,0.71409348722819799
1955,0.71451132853397714
1950,0.71503793827896622
1945,0.71547057611570408
1940,0.71558650822415582
1935,0.71517004067872481
1930,0.71403838839369704
1925,0.71206227576131764
1920,0.70917781228424992
1915,0.70538758351814912
1910,0.70075079698905274
1905,0.69536429871325889
1900,0.6893378720491804
1895,0.68276812042268631
1890,0.67571531526873951
1885,0.66818696524995491
1880,0.66013074984653441
1875,0.65143807783304319
1870,0.6419580347502144
1865,0.63151997865441456
1860,0.61996164920082086
1855,0.60715856442469207
1850,0.59304995900997548
1845,0.57765682282299946
1840,0.56108883422642997
1835,0.54353898734559647
1830,0.5252670452649657
1825,0.50657501823551832
1820,0.48777913620063107
1815,0.46918298852662393
1810,0.45105571352138663
1805,0.433617683279508
1800,0.41703450062697506
1795,0.40141869569043059
1790,0.38683750620566121
1785,0.37332460104145726
1780,0.36089349647989738
1775,0.34955061137171967
1770,0.33930630885313934
1765,0.33018279917358767
1760,0.32221836184592623
1755,0.31546791316455441
1750,0.31000041826526675
1745,0.30589395612899972
1740,0.30322935636500054
1735,0.30208325481883352
1730,0.30252122677276944
1725,0.30459144409107136
1720,0.30831915195823867
1715,0.31370222092415517
1710,0.32070809581121101
1705,0.32927257563913148
1700,0.3393009221771171
1695,0.35067170775205292
1690,0.36324350903682651
1685,0.3768640388836525
1680,0.39138068092495465
1675,0.40665082673610153
1670,0.4225501122955353
1665,0.43897675906310196
1660,0.45585078268580265
1655,0.47310774473189621
1650,0.49068779716695993
1645,0.50852178113718582
1640,0.52651689837036419
1635,0.54454484497006661
1630,0.56243521102840677
1625,0.57997637275970326
1620,0.59692504378451972
1615,0.61302418605957021
1610,0.62802730161039955
1605,0.64172556058483754
1600,0.65397318033518148
1595,0.66470632303149058
1590,0.67395169293370683
1585,0.68182284538800697
1580,0.68850452765614012
1575,0.69422756852471545
1570,0.6992383987482611
1565,0.70376794006499777
1560,0.70800436409961887
1555,0.71207332725570416
1550,0.71602803499816836
1545,0.71985011804088073
1540,0.7234609401251062
1535,0.72674165129080337
1530,0.72955910679709268
1525,0.73179382070486243
1520,0.73336562565149144
1515,0.73425288402515498
1510,0.73450204492682203
1505,0.73422595984134942
1500,0.73359133116871744
1495,0.73279752186384028
1490,0.732050290034997
1485,0.73153459968432644
1480,0.73139050281099438
1475,0.73169537449106037
1470,0.7324547587621163
1465,0.73360294548897054
1460,0.73501324146512947
1455,0.73651674285176527
1450,0.7379272836426567
1445,0.73906922743367198
1440,0.73980408873986014
1435,0.74005186064346595
1430,0.73980356120180135
1425,0.73912287777288177
1420,0.73813663848144795
1415,0.73701575409337572
1410,0.73594980888960637
1405,0.73511932987760598
1400,0.73466985141058394
1395,0.73469134792309398
1390,0.73520566828422285
1385,0.73616349249045565
1380,0.73745117444194419
1375,0.73890667234917806
1370,0.74034261459315243
1365,0.74157347413695807
1360,0.74244300045202505
1355,0.74284772707759505
1350,0.74275274837360616
1345,0.74219709984790505
1340,0.74128781128870647
1335,0.74018365409387821
1330,0.73907131774219015
1325,0.73813785691314837
1320,0.73754359122087709
1315,0.73739928300191315
1310,0.73775058162643981
1305,0.73857164481290316
1300,0.73976869316260652
1295,0.74119308840621834
1290,0.74266236144230524
1285,0.74398649687720242
1280,0.74499584384854034
1275,0.74556649639102068
1270,0.74563910844626768
1265,0.74522800252780752
1260,0.7444190057074721
1255,0.7433563833362562
1250,0.74222109043751949
1245,0.74120390612755194
1240,0.74047761954489999
1235,0.74017229379652649
1230,0.74035692824170074
1225,0.74102981523642031
1220,0.7421187427344702
1215,0.74349102547640422
1210,0.74497217664239135
1205,0.74637088304763244
1200,0.74750692292900212
1195,0.74823796977543622
1190,0.74848110689784964
1185,0.7482255122761855
1180,0.7475341493826676
1175,0.74653416837147246
1170,0.74539765986534612
1165,0.74431596207901596
1160,0.74347158994400853
1155,0.74301195070467951
1150,0.74302846501500386
1145,0.74354376544834933
1140,0.74450851994108636
1135,0.74580825783614113
1130,0.74727940091425005
1125,0.74873253480931001
1120,0.74997986803787164
1115,0.75086298917986694
1110,0.75127669271002229
1105,0.75118501684168737
1100,0.75062678410864436
1095,0.7497096861025514
1090,0.7485939282093067
1085,0.74746818722187902
1080,0.74652176033729556
1075,0.74591713522969716
1070,0.7457668557315289
1065,0.74611771437213925
1060,0.74694421407439471
1055,0.74815207421330709
1050,0.74959137731590519
1045,0.75107777495802219
1040,0.75241903848994718
1035,0.75344329011723998
1030,0.75402471256513148
1025,0.75410265216932437
1020,0.75369092742512933
1015,0.75287574257805956
1010,0.75180256323565875
1005,0.75065418429845332
1000,0.74962358710157073
995,0.74888579962438739
990,0.74857283610041903
985,0.74875508211488917
980,0.74943145729016403
975,0.7505295304386822
970,0.75191558019068838
965,0.753413409942432
960,0.75482956363915554
955,0.75598155136932099
950,0.75672498620848005
945,0.7569754074980648
940,0.7567212007565236
935,0.75602541033019877
930,0.75501612809379659
925,0.75386710280491098
920,0.75277179599060207
915,0.75191499492063885
910,0.75144619669855706
905,0.75145843061063522
900,0.75197523050397008
895,0.75294733265315894
890,0.75425949157133088
885,0.75574661761864514
880,0.75721725977656118
875,0.75848135512528436
870,0.75937831708669923
865,0.75980118505739636
860,0.75971292818615954
855,0.75915214990160951
850,0.75822720639997387
845,0.75709974918251055
840,0.75596046250835125
835,0.75500091158966387
830,0.75438577946054131
825,0.75422941674457245
820,0.75457977892997707
815,0.75541172575332327
810,0.75663047722265375
805,0.75808482853507497
800,0.75958853495804157
795,0.76094713111342049
790,0.76198648565873561
785,0.76257884413070398
780,0.76266222397777439
775,0.7622499262294431
770,0.76142852876094935
765,0.76034470434059165
760,0.75918310402554934
755,0.75813893452996994
750,0.75738948923075233
745,0.75706875953394748
740,0.75724853904168532
735,0.75792838910907567
730,0.75903566453757143
725,0.76043560292339551
720,0.76195028356181804
715,0.76338408579135553
710,0.7645522254581929
705,0.76530822854042613
700,0.76556606708244124
